{"stats":{"minecraft:custom":{"minecraft:jump":82,"minecraft:time_since_rest":5709,"minecraft:waystone_activated":1,"minecraft:leave_game":1,"minecraft:walk_on_water_one_cm":1320,"minecraft:sprint_one_cm":5999,"minecraft:play_time":5709,"minecraft:damage_taken":30,"minecraft:time_since_death":5709,"minecraft:walk_one_cm":3293,"minecraft:total_world_time":5709,"minecraft:fall_one_cm":2659,"minecraft:fly_one_cm":19959},"minecraft:picked_up":{"waystones:waystone":1},"minecraft:mined":{"minecraft:grass":12,"minecraft:acacia_log":1}},"DataVersion":3465}