{"stats":{"minecraft:custom":{"minecraft:time_since_rest":2448,"minecraft:waystone_activated":1,"minecraft:sprint_one_cm":16064,"minecraft:play_time":13613,"minecraft:deaths":1,"minecraft:damage_taken":585,"minecraft:walk_one_cm":9513,"minecraft:mob_kills":1,"minecraft:drop":9,"minecraft:jump":188,"minecraft:damage_dealt":180,"minecraft:leave_game":1,"minecraft:walk_on_water_one_cm":1320,"minecraft:time_since_death":2425,"minecraft:total_world_time":13613,"minecraft:fall_one_cm":5016,"minecraft:fly_one_cm":46327,"minecraft:open_barrel":1},"minecraft:used":{"minecraft:acacia_planks":4},"minecraft:picked_up":{"minecraft:white_concrete_powder":4,"minecraft:wheat_seeds":8,"car:canola_seeds":4,"minecraft:acacia_log":7,"waystones:waystone":1,"gamma_beasts:thin_acacia_log":3},"minecraft:killed":{"apocalypsenow:horde_2":1},"minecraft:killed_by":{"minecraft:creeper":1},"minecraft:dropped":{"car:canola_seeds":2,"minecraft:wheat_seeds":7},"minecraft:mined":{"minecraft:grass":50,"minecraft:acacia_log":7,"gamma_beasts:thin_acacia_log":3,"minecraft:white_concrete_powder":4,"minecraft:fern":1},"minecraft:crafted":{"minecraft:acacia_planks":34}},"DataVersion":3465}