{"stats":{"minecraft:custom":{"minecraft:time_since_rest":343,"minecraft:waystone_activated":1,"minecraft:sprint_one_cm":57119,"minecraft:damage_taken":2431,"minecraft:walk_one_cm":38233,"minecraft:mob_kills":4,"minecraft:drop":27,"minecraft:damage_dealt":740,"minecraft:swim_one_cm":26543,"minecraft:interact_with_crafting_table":8,"minecraft:fly_one_cm":130843,"minecraft:open_barrel":1,"minecraft:play_time":35798,"minecraft:deaths":9,"minecraft:sneak_time":5,"minecraft:walk_under_water_one_cm":2082,"minecraft:jump":716,"minecraft:leave_game":3,"minecraft:walk_on_water_one_cm":3717,"minecraft:time_since_death":311,"minecraft:total_world_time":35798,"minecraft:fall_one_cm":27199},"minecraft:used":{"apocalypsenow:saw":6,"minecraft:stone_pickaxe":34,"minecraft:wooden_pickaxe":13,"minecraft:wooden_shovel":12,"born_in_chaos_v1:marigolds":1,"minecraft:stone_axe":7,"minecraft:dirt":30,"minecraft:cobblestone":6,"minecraft:crafting_table":3,"minecraft:acacia_planks":4},"minecraft:picked_up":{"minecraft:crafting_table":3,"minecraft:wooden_pickaxe":1,"car:canola_seeds":4,"minecraft:acacia_log":7,"gamma_beasts:thin_acacia_log":3,"minecraft:oak_log":6,"minecraft:dirt":36,"gamma_beasts:acacia_leaf":1,"born_in_chaos_v1:marigolds":1,"minecraft:rotten_flesh":1,"minecraft:bone":1,"minecraft:white_concrete_powder":4,"apocalypsenow:human_flesh":6,"minecraft:wheat_seeds":11,"waystones:waystone":1,"apocalypsenow:dead_rat":1,"apocalypsenow:saw":1,"minecraft:coal":5,"minecraft:cobblestone":43},"minecraft:killed":{"apocalypsenow:horde_2":1,"apocalypsenow:rat":1,"apocalypsenow:runner_45":1,"apocalypsenow:runner_38":1},"minecraft:killed_by":{"alexsmobs:raccoon":1,"apocalypsenow:runner_44":1,"minecraft:skeleton":2,"minecraft:creeper":1},"minecraft:mined":{"minecraft:tall_seagrass":1,"born_in_chaos_v1:marigolds":1,"gamma_beasts:thin_acacia_log":3,"minecraft:crafting_table":3,"minecraft:grass":55,"minecraft:acacia_log":7,"minecraft:grass_block":4,"minecraft:oak_log":6,"minecraft:coal_ore":4,"minecraft:dirt":8,"minecraft:stone":43,"minecraft:white_concrete_powder":4,"minecraft:fern":1},"minecraft:dropped":{"apocalypsenow:human_flesh":6,"minecraft:dirt":6,"car:canola_seeds":2,"apocalypsenow:dead_rat":1,"minecraft:wheat_seeds":10,"gamma_beasts:acacia_leaf":1,"minecraft:rotten_flesh":1},"minecraft:crafted":{"minecraft:oak_planks":24,"minecraft:wooden_shovel":1,"minecraft:crafting_table":1,"minecraft:stick":20,"minecraft:wooden_pickaxe":1,"minecraft:stone_pickaxe":2,"minecraft:acacia_planks":34,"minecraft:torch":4,"minecraft:stone_axe":1}},"DataVersion":3465}