{"stats":{"minecraft:custom":{"minecraft:time_since_rest":1124,"minecraft:waystone_activated":1,"minecraft:sprint_one_cm":27994,"minecraft:damage_taken":1921,"minecraft:walk_one_cm":19056,"minecraft:mob_kills":1,"minecraft:drop":16,"minecraft:damage_dealt":204,"minecraft:swim_one_cm":2921,"minecraft:interact_with_crafting_table":4,"minecraft:fly_one_cm":72850,"minecraft:open_barrel":1,"minecraft:play_time":23479,"minecraft:deaths":6,"minecraft:walk_under_water_one_cm":372,"minecraft:jump":341,"minecraft:leave_game":2,"minecraft:walk_on_water_one_cm":1406,"minecraft:time_since_death":1100,"minecraft:total_world_time":23479,"minecraft:fall_one_cm":13685},"minecraft:used":{"minecraft:stone_pickaxe":10,"minecraft:wooden_pickaxe":3,"minecraft:dirt":19,"minecraft:acacia_planks":4},"minecraft:picked_up":{"minecraft:wooden_pickaxe":1,"car:canola_seeds":4,"minecraft:acacia_log":7,"gamma_beasts:thin_acacia_log":3,"minecraft:dirt":25,"gamma_beasts:acacia_leaf":1,"minecraft:bone":1,"minecraft:white_concrete_powder":4,"apocalypsenow:human_flesh":5,"minecraft:wheat_seeds":9,"waystones:waystone":1,"minecraft:coal":5,"minecraft:cobblestone":9},"minecraft:killed":{"apocalypsenow:horde_2":1},"minecraft:killed_by":{"apocalypsenow:runner_44":1,"minecraft:skeleton":2,"minecraft:creeper":1},"minecraft:mined":{"gamma_beasts:thin_acacia_log":3,"minecraft:grass":50,"minecraft:acacia_log":7,"minecraft:coal_ore":4,"minecraft:stone":9,"minecraft:white_concrete_powder":4,"minecraft:fern":1},"minecraft:dropped":{"apocalypsenow:human_flesh":5,"car:canola_seeds":2,"minecraft:wheat_seeds":8,"gamma_beasts:acacia_leaf":1},"minecraft:crafted":{"minecraft:stick":8,"minecraft:stone_pickaxe":1,"minecraft:acacia_planks":34,"minecraft:torch":4}},"DataVersion":3465}