{"stats":{"minecraft:custom":{"minecraft:time_since_rest":1789,"minecraft:sprint_one_cm":40470,"minecraft:damage_taken":1751,"minecraft:walk_one_cm":54389,"minecraft:mob_kills":27,"minecraft:drop":4,"minecraft:damage_dealt":496,"minecraft:interact_with_crafting_table":3,"minecraft:fly_one_cm":183756,"minecraft:crouch_one_cm":336,"minecraft:play_time":54453,"minecraft:deaths":7,"minecraft:sneak_time":669,"minecraft:jump":399,"minecraft:leave_game":6,"minecraft:time_since_death":1753,"minecraft:total_world_time":54453,"minecraft:fall_one_cm":9395},"minecraft:used":{"minecraft:wooden_axe":19,"minecraft:dirt":8,"minecraft:crafting_table":2},"minecraft:picked_up":{"minecraft:stick":2,"minecraft:crafting_table":1,"minecraft:acacia_log":10,"gamma_beasts:thin_acacia_log":3,"minecraft:oak_log":11,"minecraft:dirt":12,"gamma_beasts:acacia_leaf":2,"minecraft:stripped_acacia_log":1,"minecraft:rotten_flesh":13,"apocalypsenow:human_flesh":1,"minecraft:acacia_sapling":4},"minecraft:killed":{"apocalypsenow:walker_26":4,"apocalypsenow:walker_30":1,"fight_or_die:springer":1,"apocalypsenow:walker_27":1,"apocalypsenow:walker_12":2,"apocalypsenow:walker_13":1,"apocalypsenow:walker_15":1,"apocalypsenow:walker_19":5,"apocalypsenow:runner_43":1,"apocalypsenow:runner_45":4,"apocalypsenow:walker_18":1,"apocalypsenow:runner_36":1,"apocalypsenow:runner_34":1,"apocalypsenow:runner_35":1,"minecraft:enderman":1,"born_in_chaos_v1:maggot":1},"minecraft:killed_by":{"gamma_beasts:banndu_a":1,"undead_revamp2:theskeeper":1,"apocalypsenow:runner_40":1,"undead_revamp2:sucker":2,"minecraft:skeleton":1},"minecraft:mined":{"minecraft:acacia_leaves":9,"gamma_beasts:thin_acacia_log":3,"gamma_beasts:acacia_hoja_1":1,"minecraft:crafting_table":1,"minecraft:grass":6,"minecraft:acacia_log":10,"minecraft:grass_block":4,"minecraft:oak_log":11,"minecraft:dirt":6,"minecraft:stripped_acacia_log":1,"minecraft:oak_leaves":10},"minecraft:dropped":{"minecraft:dirt":3,"minecraft:acacia_sapling":1},"minecraft:crafted":{"minecraft:wooden_sword":1,"minecraft:oak_planks":44,"minecraft:crafting_table":3,"minecraft:stick":8,"minecraft:wooden_axe":2,"minecraft:acacia_planks":6}},"DataVersion":3465}