{"stats":{"minecraft:custom":{"minecraft:mob_kills":29,"minecraft:tune_noteblock":31,"minecraft:interact_with_crafting_table":6,"minecraft:open_barrel":1,"minecraft:leave_game":7,"minecraft:time_since_death":10992,"minecraft:sleep_in_bed":1,"minecraft:time_since_rest":2493,"minecraft:sprint_one_cm":93126,"minecraft:walk_one_cm":105680,"minecraft:damage_taken":3993,"minecraft:drop":10,"minecraft:damage_dealt":974,"minecraft:swim_one_cm":23234,"minecraft:fly_one_cm":261288,"minecraft:open_chest":5,"minecraft:crouch_one_cm":1225,"minecraft:play_time":76065,"minecraft:deaths":15,"minecraft:sneak_time":1150,"minecraft:walk_under_water_one_cm":1759,"minecraft:jump":897,"minecraft:walk_on_water_one_cm":534,"minecraft:total_world_time":76065,"minecraft:fall_one_cm":23208},"minecraft:used":{"apocalypsenow:broken_glass":14,"minecraft:wooden_pickaxe":24,"gamma_beasts:green_apple":5,"minecraft:dirt":8,"minecraft:crafting_table":4,"minecraft:black_bed":2,"minecraft:wooden_axe":27,"minecraft:cobblestone":10,"minecraft:acacia_planks":10},"minecraft:picked_up":{"gamma_beasts:thin_oak_log":4,"minecraft:crafting_table":1,"minecraft:black_bed":3,"minecraft:wooden_pickaxe":1,"minecraft:oak_log":11,"gamma_beasts:green_apple":6,"gamma_beasts:oak_leaf":2,"minecraft:yellow_bed":2,"minecraft:dirt":12,"gamma_beasts:acacia_leaf":3,"minecraft:bone":1,"apocalypsenow:human_flesh":5,"minecraft:wheat_seeds":5,"apocalypsenow:dead_rat":1,"minecraft:acacia_sapling":4,"minecraft:stick":2,"minecraft:acacia_log":14,"gamma_beasts:thin_acacia_log":3,"minecraft:stripped_acacia_log":1,"minecraft:rotten_flesh":15,"gamma_beasts:coal_nugget":1,"minecraft:coal":9,"minecraft:cobblestone":13},"minecraft:killed":{"apocalypsenow:walker_30":1,"fight_or_die:springer":1,"apocalypsenow:walker_19":5,"apocalypsenow:runner_39":1,"apocalypsenow:runner_35":1,"born_in_chaos_v1:maggot":1,"apocalypsenow:walker_26":4,"apocalypsenow:walker_27":1,"apocalypsenow:walker_12":2,"apocalypsenow:walker_13":1,"apocalypsenow:walker_15":1,"apocalypsenow:runner_42":1,"apocalypsenow:runner_43":1,"apocalypsenow:runner_45":4,"apocalypsenow:walker_18":1,"apocalypsenow:runner_36":1,"apocalypsenow:runner_34":1,"minecraft:enderman":1},"minecraft:killed_by":{"undead_revamp2:theskeeper":1,"undead_revamp2:sucker":2,"minecraft:skeleton":7,"minecraft:zombie":1,"gamma_beasts:banndu_a":1,"hordes:husk_player":1,"apocalypsenow:runner_40":1},"minecraft:dropped":{"minecraft:wheat_seeds":2,"gamma_beasts:acacia_leaf":1,"minecraft:dirt":3,"minecraft:acacia_sapling":1,"minecraft:wooden_pickaxe":2,"apocalypsenow:saw":1},"minecraft:mined":{"minecraft:acacia_leaves":10,"minecraft:glass_pane":1,"minecraft:light_gray_stained_glass_pane":4,"gamma_beasts:thin_acacia_log":3,"minecraft:crafting_table":1,"gamma_beasts:acacia_hoja_1":1,"minecraft:acacia_log":14,"minecraft:grass_block":4,"minecraft:tall_grass":1,"minecraft:black_bed":3,"minecraft:yellow_bed":2,"gamma_beasts:thin_oak_log":4,"minecraft:grass":11,"minecraft:oak_log":11,"minecraft:coal_ore":10,"minecraft:dirt":6,"minecraft:stripped_acacia_log":1,"minecraft:stone":13,"minecraft:oak_leaves":11},"minecraft:crafted":{"minecraft:wooden_sword":1,"minecraft:oak_planks":52,"minecraft:crafting_table":4,"minecraft:wooden_pickaxe":3,"minecraft:stick":20,"minecraft:wooden_axe":3,"minecraft:acacia_planks":22}},"DataVersion":3465}