{"stats":{"minecraft:custom":{"minecraft:time_since_rest":10140,"minecraft:sprint_one_cm":30967,"minecraft:damage_taken":1010,"minecraft:walk_one_cm":41120,"minecraft:mob_kills":27,"minecraft:drop":4,"minecraft:damage_dealt":399,"minecraft:interact_with_crafting_table":2,"minecraft:fly_one_cm":170057,"minecraft:crouch_one_cm":308,"minecraft:play_time":42453,"minecraft:deaths":4,"minecraft:sneak_time":650,"minecraft:jump":253,"minecraft:leave_game":6,"minecraft:time_since_death":10108,"minecraft:total_world_time":42453,"minecraft:fall_one_cm":5282},"minecraft:used":{"minecraft:wooden_axe":15,"minecraft:dirt":5,"minecraft:crafting_table":1},"minecraft:picked_up":{"minecraft:stick":2,"minecraft:crafting_table":1,"minecraft:acacia_log":10,"minecraft:oak_log":6,"minecraft:dirt":9,"gamma_beasts:acacia_leaf":1,"minecraft:stripped_acacia_log":1,"minecraft:rotten_flesh":13,"apocalypsenow:human_flesh":1,"minecraft:acacia_sapling":3},"minecraft:killed":{"apocalypsenow:walker_26":4,"apocalypsenow:walker_30":1,"fight_or_die:springer":1,"apocalypsenow:walker_27":1,"apocalypsenow:walker_12":2,"apocalypsenow:walker_13":1,"apocalypsenow:walker_15":1,"apocalypsenow:walker_19":5,"apocalypsenow:runner_43":1,"apocalypsenow:runner_45":4,"apocalypsenow:walker_18":1,"apocalypsenow:runner_36":1,"apocalypsenow:runner_34":1,"apocalypsenow:runner_35":1,"minecraft:enderman":1,"born_in_chaos_v1:maggot":1},"minecraft:killed_by":{"gamma_beasts:banndu_a":1,"undead_revamp2:sucker":2},"minecraft:mined":{"minecraft:acacia_leaves":2,"minecraft:crafting_table":1,"minecraft:grass":4,"minecraft:acacia_log":10,"minecraft:grass_block":2,"minecraft:oak_log":6,"minecraft:dirt":4,"minecraft:stripped_acacia_log":1,"minecraft:oak_leaves":7},"minecraft:dropped":{"minecraft:dirt":3,"minecraft:acacia_sapling":1},"minecraft:crafted":{"minecraft:oak_planks":24,"minecraft:crafting_table":1,"minecraft:stick":4,"minecraft:wooden_axe":1}},"DataVersion":3465}