{"stats":{"minecraft:custom":{"minecraft:time_since_rest":17541,"minecraft:sprint_one_cm":20610,"minecraft:damage_taken":335,"minecraft:walk_one_cm":35207,"minecraft:mob_kills":26,"minecraft:drop":3,"minecraft:damage_dealt":234,"minecraft:interact_with_crafting_table":2,"minecraft:fly_one_cm":155105,"minecraft:crouch_one_cm":14,"minecraft:play_time":30453,"minecraft:deaths":2,"minecraft:sneak_time":122,"minecraft:jump":143,"minecraft:leave_game":6,"minecraft:time_since_death":17508,"minecraft:total_world_time":30453,"minecraft:fall_one_cm":2285},"minecraft:used":{"minecraft:wooden_axe":15,"minecraft:dirt":1,"minecraft:crafting_table":1},"minecraft:picked_up":{"minecraft:stick":2,"minecraft:crafting_table":1,"minecraft:acacia_log":10,"minecraft:oak_log":6,"minecraft:dirt":5,"gamma_beasts:acacia_leaf":1,"minecraft:stripped_acacia_log":1,"minecraft:rotten_flesh":13,"apocalypsenow:human_flesh":1,"minecraft:acacia_sapling":2},"minecraft:killed":{"apocalypsenow:walker_26":4,"apocalypsenow:walker_30":1,"fight_or_die:springer":1,"apocalypsenow:walker_27":1,"apocalypsenow:walker_12":2,"apocalypsenow:walker_13":1,"apocalypsenow:walker_15":1,"apocalypsenow:walker_19":5,"apocalypsenow:runner_45":4,"apocalypsenow:walker_18":1,"apocalypsenow:runner_36":1,"apocalypsenow:runner_34":1,"apocalypsenow:runner_35":1,"minecraft:enderman":1,"born_in_chaos_v1:maggot":1},"minecraft:killed_by":{"gamma_beasts:banndu_a":1},"minecraft:mined":{"minecraft:acacia_leaves":1,"minecraft:crafting_table":1,"minecraft:grass":3,"minecraft:acacia_log":10,"minecraft:grass_block":1,"minecraft:oak_log":6,"minecraft:dirt":1,"minecraft:stripped_acacia_log":1,"minecraft:oak_leaves":7},"minecraft:dropped":{"minecraft:dirt":3},"minecraft:crafted":{"minecraft:oak_planks":24,"minecraft:crafting_table":1,"minecraft:stick":4,"minecraft:wooden_axe":1}},"DataVersion":3465}