{"stats":{"minecraft:custom":{"minecraft:time_since_rest":6149,"minecraft:damage_taken":245,"minecraft:play_time":11896,"minecraft:sprint_one_cm":12028,"minecraft:walk_one_cm":19435,"minecraft:deaths":1,"minecraft:sneak_time":101,"minecraft:mob_kills":25,"minecraft:drop":3,"minecraft:jump":70,"minecraft:damage_dealt":148,"minecraft:leave_game":5,"minecraft:time_since_death":6109,"minecraft:total_world_time":11896,"minecraft:fall_one_cm":1240,"minecraft:fly_one_cm":137436,"minecraft:crouch_one_cm":14},"minecraft:used":{"minecraft:dirt":1},"minecraft:picked_up":{"gamma_beasts:acacia_leaf":1,"minecraft:rotten_flesh":13,"minecraft:dirt":5},"minecraft:killed":{"apocalypsenow:walker_26":4,"apocalypsenow:walker_30":1,"apocalypsenow:walker_18":1,"apocalypsenow:runner_36":1,"fight_or_die:springer":1,"apocalypsenow:walker_27":1,"apocalypsenow:runner_35":1,"apocalypsenow:runner_34":1,"apocalypsenow:walker_12":2,"apocalypsenow:walker_13":1,"apocalypsenow:walker_19":5,"apocalypsenow:walker_15":1,"minecraft:enderman":1,"apocalypsenow:runner_45":4},"minecraft:killed_by":{"gamma_beasts:banndu_a":1},"minecraft:mined":{"minecraft:grass_block":1,"minecraft:dirt":1},"minecraft:dropped":{"minecraft:dirt":3}},"DataVersion":3465}