{"stats":{"minecraft:custom":{"minecraft:time_since_rest":238,"minecraft:sprint_one_cm":55403,"minecraft:damage_taken":3511,"minecraft:walk_one_cm":71535,"minecraft:mob_kills":27,"minecraft:drop":8,"minecraft:damage_dealt":574,"minecraft:interact_with_crafting_table":5,"minecraft:fly_one_cm":194421,"minecraft:play_time":64065,"minecraft:crouch_one_cm":756,"minecraft:deaths":14,"minecraft:sneak_time":885,"minecraft:jump":536,"minecraft:leave_game":7,"minecraft:time_since_death":211,"minecraft:total_world_time":64065,"minecraft:fall_one_cm":14999},"minecraft:picked_up":{"minecraft:stick":2,"minecraft:crafting_table":1,"minecraft:acacia_log":10,"minecraft:wooden_pickaxe":1,"gamma_beasts:thin_acacia_log":3,"minecraft:oak_log":11,"minecraft:dirt":12,"gamma_beasts:acacia_leaf":3,"minecraft:stripped_acacia_log":1,"minecraft:bone":1,"minecraft:rotten_flesh":13,"minecraft:wheat_seeds":1,"apocalypsenow:human_flesh":5,"gamma_beasts:coal_nugget":1,"minecraft:acacia_sapling":4,"minecraft:coal":9,"minecraft:cobblestone":13},"minecraft:used":{"minecraft:wooden_axe":19,"minecraft:wooden_pickaxe":24,"minecraft:dirt":8,"minecraft:cobblestone":10,"minecraft:crafting_table":3},"minecraft:killed":{"apocalypsenow:walker_26":4,"apocalypsenow:walker_30":1,"fight_or_die:springer":1,"apocalypsenow:walker_27":1,"apocalypsenow:walker_12":2,"apocalypsenow:walker_13":1,"apocalypsenow:walker_15":1,"apocalypsenow:walker_19":5,"apocalypsenow:runner_43":1,"apocalypsenow:runner_45":4,"apocalypsenow:walker_18":1,"apocalypsenow:runner_36":1,"apocalypsenow:runner_35":1,"apocalypsenow:runner_34":1,"minecraft:enderman":1,"born_in_chaos_v1:maggot":1},"minecraft:killed_by":{"gamma_beasts:banndu_a":1,"hordes:husk_player":1,"undead_revamp2:theskeeper":1,"apocalypsenow:runner_40":1,"undead_revamp2:sucker":2,"minecraft:skeleton":6,"minecraft:zombie":1},"minecraft:mined":{"minecraft:acacia_leaves":9,"gamma_beasts:thin_acacia_log":3,"minecraft:crafting_table":1,"gamma_beasts:acacia_hoja_1":1,"minecraft:grass":6,"minecraft:acacia_log":10,"minecraft:grass_block":4,"minecraft:coal_ore":10,"minecraft:oak_log":11,"minecraft:dirt":6,"minecraft:stripped_acacia_log":1,"minecraft:stone":13,"minecraft:oak_leaves":10},"minecraft:dropped":{"minecraft:dirt":3,"minecraft:wheat_seeds":1,"gamma_beasts:acacia_leaf":1,"minecraft:acacia_sapling":1,"minecraft:wooden_pickaxe":2},"minecraft:crafted":{"minecraft:wooden_sword":1,"minecraft:oak_planks":44,"minecraft:crafting_table":3,"minecraft:stick":12,"minecraft:wooden_pickaxe":2,"minecraft:wooden_axe":2,"minecraft:acacia_planks":6}},"DataVersion":3465}