{"stats":{"minecraft:dropped":{"minecraft:dirt":3},"minecraft:mined":{"minecraft:grass_block":1,"minecraft:dirt":1},"minecraft:picked_up":{"gamma_beasts:acacia_leaf":1,"minecraft:dirt":5},"minecraft:used":{"minecraft:dirt":1},"minecraft:killed_by":{"gamma_beasts:banndu_a":1},"minecraft:custom":{"minecraft:jump":43,"minecraft:time_since_rest":63,"minecraft:deaths":1,"minecraft:damage_dealt":28,"minecraft:leave_game":3,"minecraft:play_time":5810,"minecraft:sprint_one_cm":8350,"minecraft:damage_taken":245,"minecraft:time_since_death":23,"minecraft:walk_one_cm":8987,"minecraft:sneak_time":88,"minecraft:total_world_time":5810,"minecraft:fall_one_cm":1240,"minecraft:drop":3,"minecraft:fly_one_cm":111693}},"DataVersion":3465}