{
  "storagedrawers:recipes/storagedrawers/one_stack_upgrade": {
    "criteria": {
      "has_template": "2024-07-10 20:04:12 +0000"
    },
    "done": true
  },
  "create:root": {
    "criteria": {
      "0": "2024-07-10 20:04:12 +0000"
    },
    "done": true
  },
  "storagedrawers:recipes/storagedrawers/diamond_storage_upgrade": {
    "criteria": {
      "has_template": "2024-07-10 20:04:12 +0000"
    },
    "done": true
  },
  "storagedrawers:recipes/storagedrawers/illumination_upgrade": {
    "criteria": {
      "has_template": "2024-07-10 20:04:12 +0000"
    },
    "done": true
  },
  "storagedrawers:recipes/storagedrawers/acacia_trim": {
    "criteria": {
      "has_planks": "2024-07-10 20:04:12 +0000"
    },
    "done": true
  },
  "storagedrawers:recipes/storagedrawers/crimson_trim": {
    "criteria": {
      "has_planks": "2024-07-10 20:04:12 +0000"
    },
    "done": true
  },
  "storagedrawers:recipes/storagedrawers/concealment_key": {
    "criteria": {
      "has_template": "2024-07-10 20:04:12 +0000"
    },
    "done": true
  },
  "storagedrawers:recipes/storagedrawers/drawer_key": {
    "criteria": {
      "has_template": "2024-07-10 20:04:12 +0000"
    },
    "done": true
  },
  "storagedrawers:recipes/storagedrawers/min_redstone_upgrade": {
    "criteria": {
      "has_template": "2024-07-10 20:04:12 +0000"
    },
    "done": true
  },
  "storagedrawers:recipes/storagedrawers/gold_storage_upgrade": {
    "criteria": {
      "has_template": "2024-07-10 20:04:12 +0000"
    },
    "done": true
  },
  "storagedrawers:recipes/storagedrawers/birch_trim": {
    "criteria": {
      "has_planks": "2024-07-10 20:04:12 +0000"
    },
    "done": true
  },
  "storagedrawers:recipes/storagedrawers/void_upgrade": {
    "criteria": {
      "has_template": "2024-07-10 20:04:12 +0000"
    },
    "done": true
  },
  "storagedrawers:recipes/storagedrawers/warped_trim": {
    "criteria": {
      "has_planks": "2024-07-10 20:04:12 +0000"
    },
    "done": true
  },
  "storagedrawers:recipes/storagedrawers/jungle_trim": {
    "criteria": {
      "has_planks": "2024-07-10 20:04:12 +0000"
    },
    "done": true
  },
  "storagedrawers:recipes/storagedrawers/fill_level_upgrade": {
    "criteria": {
      "has_template": "2024-07-10 20:04:12 +0000"
    },
    "done": true
  },
  "storagedrawers:recipes/storagedrawers/max_redstone_upgrade": {
    "criteria": {
      "has_template": "2024-07-10 20:04:12 +0000"
    },
    "done": true
  },
  "storagedrawers:recipes/storagedrawers/redstone_upgrade": {
    "criteria": {
      "has_template": "2024-07-10 20:04:12 +0000"
    },
    "done": true
  },
  "storagedrawers:recipes/storagedrawers/spruce_trim": {
    "criteria": {
      "has_planks": "2024-07-10 20:04:12 +0000"
    },
    "done": true
  },
  "storagedrawers:recipes/storagedrawers/quantify_key": {
    "criteria": {
      "has_template": "2024-07-10 20:04:12 +0000"
    },
    "done": true
  },
  "storagedrawers:recipes/storagedrawers/dark_oak_trim": {
    "criteria": {
      "has_planks": "2024-07-10 20:04:12 +0000"
    },
    "done": true
  },
  "storagedrawers:recipes/storagedrawers/oak_trim": {
    "criteria": {
      "has_planks": "2024-07-10 20:04:12 +0000"
    },
    "done": true
  },
  "storagedrawers:recipes/storagedrawers/emerald_storage_upgrade": {
    "criteria": {
      "has_template": "2024-07-10 20:04:12 +0000"
    },
    "done": true
  },
  "storagedrawers:recipes/storagedrawers/obsidian_storage_upgrade": {
    "criteria": {
      "has_template": "2024-07-10 20:04:12 +0000"
    },
    "done": true
  },
  "storagedrawers:recipes/storagedrawers/iron_storage_upgrade": {
    "criteria": {
      "has_template": "2024-07-10 20:04:12 +0000"
    },
    "done": true
  },
  "undead_revamp2:theundeadchallenges": {
    "criteria": {
      "theundeadchallenges": "2024-07-10 20:04:17 +0000"
    },
    "done": true
  },
  "minecraft:recipes/decorations/crafting_table": {
    "criteria": {
      "unlock_right_away": "2024-07-10 20:04:17 +0000"
    },
    "done": true
  },
  "betterdungeons:root": {
    "criteria": {
      "always": "2024-07-10 20:04:17 +0000"
    },
    "done": true
  },
  "born_in_chaos_v1:bornin_chaos": {
    "criteria": {
      "bornin_chaos_0": "2024-07-10 20:04:17 +0000"
    },
    "done": true
  },
  "minecraft:adventure/adventuring_time": {
    "criteria": {
      "minecraft:beach": "2024-07-10 20:05:25 +0000",
      "minecraft:lukewarm_ocean": "2024-07-10 20:05:29 +0000",
      "minecraft:river": "2024-07-10 20:05:56 +0000",
      "minecraft:savanna": "2024-07-10 20:04:21 +0000"
    },
    "done": false
  },
  "minecraft:adventure/root": {
    "criteria": {
      "killed_by_something": "2024-07-10 20:15:24 +0000"
    },
    "done": true
  },
  "minecraft:adventure/kill_a_mob": {
    "criteria": {
      "minecraft:blaze": "2024-07-10 20:24:03 +0000",
      "minecraft:pillager": "2024-07-10 20:24:03 +0000",
      "minecraft:skeleton": "2024-07-10 20:24:03 +0000",
      "minecraft:elder_guardian": "2024-07-10 20:24:03 +0000",
      "minecraft:zoglin": "2024-07-10 20:24:03 +0000",
      "minecraft:ravager": "2024-07-10 20:24:03 +0000",
      "minecraft:ghast": "2024-07-10 20:24:03 +0000",
      "minecraft:hoglin": "2024-07-10 20:24:03 +0000",
      "minecraft:guardian": "2024-07-10 20:24:03 +0000",
      "minecraft:vindicator": "2024-07-10 20:24:03 +0000",
      "minecraft:magma_cube": "2024-07-10 20:24:03 +0000",
      "minecraft:piglin_brute": "2024-07-10 20:24:03 +0000",
      "minecraft:spider": "2024-07-10 20:24:03 +0000",
      "minecraft:creeper": "2024-07-10 20:24:03 +0000",
      "minecraft:wither": "2024-07-10 20:24:03 +0000",
      "minecraft:evoker": "2024-07-10 20:24:03 +0000",
      "minecraft:slime": "2024-07-10 20:24:03 +0000",
      "minecraft:phantom": "2024-07-10 20:24:03 +0000",
      "minecraft:zombified_piglin": "2024-07-10 20:24:03 +0000",
      "minecraft:witch": "2024-07-10 20:24:03 +0000",
      "minecraft:wither_skeleton": "2024-07-10 20:24:03 +0000",
      "minecraft:husk": "2024-07-10 20:24:03 +0000",
      "minecraft:ender_dragon": "2024-07-10 20:24:03 +0000",
      "minecraft:shulker": "2024-07-10 20:24:03 +0000",
      "minecraft:cave_spider": "2024-07-10 20:24:03 +0000",
      "minecraft:piglin": "2024-07-10 20:24:03 +0000",
      "minecraft:enderman": "2024-07-10 20:24:03 +0000",
      "minecraft:silverfish": "2024-07-10 20:24:03 +0000",
      "minecraft:stray": "2024-07-10 20:24:03 +0000",
      "minecraft:endermite": "2024-07-10 20:24:03 +0000",
      "minecraft:vex": "2024-07-10 20:24:03 +0000",
      "minecraft:zombie": "2024-07-10 20:24:03 +0000",
      "minecraft:drowned": "2024-07-10 20:24:03 +0000",
      "minecraft:zombie_villager": "2024-07-10 20:24:03 +0000"
    },
    "done": true
  },
  "minecraft:adventure/kill_all_mobs": {
    "criteria": {
      "minecraft:enderman": "2024-07-10 20:24:33 +0000"
    },
    "done": false
  },
  "DataVersion": 3465
}